,cName,name,brandName,Prices,recOnly,recPrices,special,specialData,type,wholesalePrices
0,0-10-cbd-gems-15-pack,0:10 CBD Gems | 15-pack,Redecan,[13.27],False,[],,,Edible,
1,14mm-eclipse-bowl,14mm Eclipse Bowl,Smoke Arsenal Inc.,[13.27],False,[],,,Accessories,
2,2-5-scaler-glass-hand-pipe,"2.5"" Scaler Glass Hand Pipe",Smoke Arsenal Inc.,[8.85],False,[],,,Accessories,
3,4-cartel-rainbow-drill-spoon-pipe,"4"" Cartel Rainbow Drill Spoon Pipe",Smoke Arsenal Inc.,[17.7],False,[],,,Accessories,
4,4-glass-flat-handpipe,"4"" Glass Flat Handpipe",Smoke Arsenal Inc.,[10.61],False,[],,,Accessories,
5,420-milk-chocolate,420 Milk Chocolate,Wabi Sabi,[8.84],False,[],,,Edible,
6,510-purple-cheesecake-cartridge-1g,510 Purple Cheesecake Cartridge | 1g,CALI,[37.17],False,[],,,Vaporizers,
7,5-5-gems-15-pack,5:5 Gems | 15-pack,Redecan,[15.93],False,[],,,Edible,
8,6-cute-unicorn-silicone-water-pipe,"6"" Cute Unicorn Silicone Water Pipe",Smoke Arsenal Inc.,[20.35],False,[],,,Accessories,
9,6-ice-cream-cone-silicone-bong,"6"" Ice Cream Cone Silicone Bong",Smoke Arsenal Inc.,[30.97],False,[],,,Accessories,
10,afghan-black-hash-2g,Afghan Black Hash | 2g,VORTEX,[26.55],False,[],,,Concentrate,
11,alien-og-cartridge-1-2g,Alien OG Cartridge | 1.2g,BoxHot,[48.68],False,[],,,Vaporizers,
12,alien-og-disty-dabber-1-2g,Alien OG Disty Dabber | 1.2g,BoxHot,[39.83],False,[],,,Concentrate,
13,all-purpose-flower-indica,All Purpose Flower Indica,Bake Sale,[53.1],False,[],,,Flower,
14,all-natural-lip-balm,All-Natural Lip Balm,Tidal,[7.96],False,[],,,Topicals,
15,amsterdam-sativa,Amsterdam Sativa,Highly Dutch Organic,[132.74],False,[],,,Flower,
16,animal-mints-pre-roll-10-pack-3-5g,Animal Mints Pre-Roll 10-pack | 3.5g,Back Forty,[17.7],False,[],,,Pre-Rolls,
17,arsenal-14mm-glass-downstems,Arsenal 14mm Glass Downstems,Smoke Arsenal Inc.,[8.84],False,[],,,Accessories,
18,arsenal-assorted-4-5-metal-dabber,"Arsenal Assorted 4.5"" Metal Dabber",Smoke Arsenal Inc.,[6.19],False,[],,,Accessories,
19,arsenal-leaf-52mm-3-piece-grinder,Arsenal Leaf 52mm 3-Piece Grinder,Smoke Arsenal Inc.,[13.27],False,[],,,Accessories,
20,atomic-sour-grapefruit-pre-roll-3-pack-1-5g,Atomic Sour Grapefruit Pre-Roll 3-pack | 1.5g,Spinach,[15.04],False,[],,,Pre-Rolls,
21,avalanche-pre-roll-6-pack-3g,Avalanche Pre-Roll 6-pack | 3g,Tenzo,[30.08],False,[],,,Pre-Rolls,
22,b-banner,B Banner,Argentia Gold,[19.47],False,[],,,Flower,
23,b-banner-pre-roll-5-pack-2-5g,B. Banner Pre-Roll 5-pack | 2.5g,Argentia Gold,[16.82],False,[],,,Pre-Rolls,
24,bc-dreamweaver-pre-roll-10-pack-3-5g,BC Dreamweaver Pre-Roll 10-pack | 3.5g,Versus,[20.35],False,[],,,Pre-Rolls,
25,bic-lighter-b-w-series,BIC lighter B&W Series,Smoke Arsenal Inc.,[1.77],False,[],,,Accessories,
26,bobm-cartridge-1g,BOBM Cartridge | 1g,Hustle & Shake,[35.4],False,[],,,Vaporizers,
27,balance-1-1-milk-chocolate,Balance 1:1 Milk Chocolate,Chowie Wowie,[5.31],False,[],,,Edible,
28,balanced-oil-30ml,Balanced Oil | 30ml,Five Founders,[35.39],False,[],,,Concentrate,
29,bamboo-honey,Bamboo Honey,Full Sesh,[30.97],False,[],,,Flower,
30,banana-hammock-infused-live-resin-cones-5-pack-2-5g,Banana Hammock Infused Live Resin Cones 5-pack | 2.5g,Countryside Cannabis,[25.66],False,[],,,Pre-Rolls,
31,basecamp-cbd-iced-tea,Basecamp CBD Iced Tea,A1 Cannabis,[7.96],False,[],,,Edible,
32,benny-blunto-3-pack-prerolls-1-5g,Benny Blunto 3-Pack Prerolls | 1.5g,The Loud Plug,[20.35],False,[],,,Pre-Rolls,
33,benny-blunto-infused-pre-roll-1g,Benny Blunto Infused Pre-Roll | 1g,The Loud Plug,[20.36],False,[],,,Pre-Rolls,
34,berry-cream-puff-3966,Berry Cream Puff,Pure Sunfarms,[123.9],False,[],,,Flower,
35,berry-good-day-soft-chews-30-pack,Berry Good Day Soft Chews | 30-Pack,Monjour ,[31.86],False,[],,,Edible,
36,big-chocolate-cookie,Big Chocolate Cookie,Slow Ride Bakery,[6.19],False,[],,,Edible,
37,birthday-cake-white-chocolate,Birthday Cake White Chocolate,Legend,[5.31],False,[],,,Edible,
38,black-1-25-papers,"Black 1.25"" Papers",RAW,[2.65],False,[],,,Accessories,
39,black-cherry-rapid-seltzer,Black Cherry Rapid Seltzer,Versus,[6.2],False,[],,,Edible,
40,black-downstems,Black Downstems,Smoke Arsenal Inc.,[8.84],False,[],,,Accessories,
41,black-kingsize-slim-papers,Black Kingsize Slim Papers,RAW,[2.65],False,[],,,Accessories,
42,black-organic-hemp-1-25-papers,"Black Organic Hemp 1.25"" Papers",RAW,[2.65],False,[],,,Accessories,
43,blackberry-lemonade-1-1-1-cbn-cbd-thc-gummies,Blackberry Lemonade 1:1:1 CBN/CBD/THC Gummies,Pearls,[6.19],False,[],,,Edible,
44,blazy-susan-1-1-4-rolling-papers,Blazy Susan 1 1/4 Rolling Papers,Smoke Arsenal Inc.,[2.65],False,[],,,Accessories,
45,blazy-susan-kss-rolling-papers,Blazy Susan KSS Rolling Papers,Smoke Arsenal Inc.,[2.65],False,[],,,Accessories,
46,blood-orange-yuzu-vanilla-sparkling-juice,Blood Orange Yuzu & Vanilla Sparkling Juice,Collective Project,[8.85],False,[],,,Edible,
47,blue-dream,Blue Dream,Spinach,[26.55],False,[],,,Flower,
48,blue-dream-pre-roll-3-pack-1-5g,Blue Dream Pre-Roll 3-pack | 1.5g,Spinach,[15.04],False,[],,,Pre-Rolls,
49,blue-raspberry-radsicle,Blue Raspberry RADsicle,RAD,[7.97],False,[],,,Edible,
50,blue-razzleberry-3-1-cbg-thc-gummies,Blue Razzleberry 3:1 CBG/THC Gummies,Pearls,[6.19],False,[],,,Edible,
51,blueberry-53868,Blueberry,Spinach,[26.55],False,[],,,Flower,
52,blueberry-lemon-iced-tea,Blueberry & Lemon Iced Tea,Collective Project,[8.85],False,[],,,Edible,
53,blueberry-acai-1-1-sparkling-water,Blueberry Acai 1:1 Sparkling Water,QUATREAU,[5.31],False,[],,,Edible,
54,boveda-size-8-62-individual,Boveda Size 8 62% Individual,Smoke Arsenal Inc.,[2.65],False,[],,,Accessories,
55,bubba-kush-root-beer-classic-soda-10mg,Bubba Kush Root Beer Classic Soda | 10mg,Keef,[6.2],False,[],,,Edible,
56,bubba-kush-chocolate-hashberry-blue-dream-bath-bomb-3-pack,Bubba Kush | Chocolate Hashberry | Blue Dream  | Bath Bomb 3-pack,Stewart Farms,[30.97],False,[],,,Topicals,
57,bubble-mints-32404,Bubble Mints,Pure Sunfarms,[21.23],False,[],,,Flower,
58,cbd-blood-orange-soft-chew-30-pack,CBD Blood Orange Soft Chew 30-pack,Foray,[17.7],False,[],,,Edible,
59,cbd-milk-chocolate,CBD Milk Chocolate,Bhang,[5.31],False,[],,,Edible,
60,cbd-oil-30ml,CBD Oil | 30ml,Five Founders,[22.12],False,[],,,Concentrate,
61,cbd-vanilla-rooibos-tea-3-pack,CBD Vanilla Rooibos Tea 3-pack,Everie,[17.69],False,[],,,Edible,
62,cbn-blueberry-moon-2-1-gummies-10-pack,CBN Blueberry Moon 2:1 Gummies 10-pack,Sunshower,[10.62],False,[],,,Edible,
63,cvault-humidity-control-stash-container,CVault - Humidity Control Stash Container,Smoke Arsenal Inc.,[22.12],False,[],,,Accessories,
64,cake-pop-blnt-1g,Cake Pop BLNT | 1g,BLKMKT,[15.93],False,[],,,Pre-Rolls,
65,camino-sour-watermelon-splash-soft-chews,Camino Sour Watermelon Splash Soft Chews,Kiva,[7.97],False,[],,,Edible,
66,cannaccino-cartridge-1g,Cannaccino Cartridge | 1g,Fuego,[35.4],False,[],,,Vaporizers,
67,cherry-cola-10,Cherry Cola 10,Sweet Justice,[8.85],False,[],,,Edible,
68,cherry-head-seeds-4-pack,Cherry Head Seeds | 4-pack,Pure Sunfarms,[37.17],False,[],,,Seeds,
69,cherry-kush-cartridge-1-2g,Cherry Kush Cartridge | 1.2g,BoxHot,[48.67],False,[],,,Vaporizers,
70,cherry-lollipop-2-pack,Cherry Lollipop 2-pack,Tidal,[6.19],False,[],,,Edible,
71,chocolate-peanut-butter-cups,Chocolate Peanut Butter Cups,HALFTIME,[6.19],False,[],,,Edible,
72,classic-kingsize-slim-papers-84759,Classic Kingsize Slim Papers,RAW,[2.65],False,[],,,Accessories,
73,classic-supernatural-cones,Classic Supernatural Cones,RAW,[6.19],False,[],,,Accessories,
74,clipper-leaves-colours-series-lighters-3902,Clipper Leaves Colours Series Lighters,Smoke Arsenal Inc.,[3.09],False,[],,,Accessories,
75,cocoa-bomba-pre-roll-3-pack-1-5g,Cocoa Bomba Pre-Roll 3-Pack | 1.5g,Spinach,[15.05],False,[],,,Pre-Rolls,
76,cold-creek-kush,Cold Creek Kush,Vertical,[9.73],False,[],,,Flower,
77,cookies-and-cream-white-chocolate,Cookies and Cream White Chocolate,Bhang,[5.31],False,[],,,Edible,
78,cool-mint-crush-infused-mini-j-s-5-pack-1-75g,Cool Mint Crush Infused Mini J's 5-pack | 1.75g,Violet Tourist,[33.62],False,[],,,Pre-Rolls,
79,couch-lock-kush-cartridge-1-2g,Couch Lock Kush Cartridge | 1.2g,BoxHot,[48.67],False,[],,,Vaporizers,
80,crazy-cream-soda-gummies-4-pack,Crazy Cream Soda Gummies 4-pack,SHRED,[5.31],False,[],,,Edible,
81,cream-soda,Cream Soda,XMG,[8.85],False,[],,,Edible,
82,cream-soda-radsicle,Cream Soda RADsicle,RAD,[7.97],False,[],,,Edible,
83,creemore-valley-kush-cartridge-1g,Creemore Valley Kush Cartridge | 1g,Purple Hills,[61.95],False,[],,,Vaporizers,
84,cucumber-mint-cbd-sparkling-water-20mg,Cucumber Mint CBD Sparkling Water | 20mg,QUATREAU,[5.31],False,[],,,Edible,
85,dankmeister-xl,Dankmeister XL,SHRED,[30.97],False,[],,,Flower,
86,dark-shadow-haze,Dark Shadow Haze,Elios,[38.05],False,[],,,Flower,
87,diamond-1-1-2-pack,Diamond 1:1 2-pack,Tidal,[6.19],False,[],,,Edible,
88,dissolvable-thc-powder-single-10mg,Dissolvable THC Powder Single | 10mg,The Green Organic Dutchman,[7.96],False,[],,,Edible,
89,distillate-taster-pack-infused-pre-roll-3-pack-1-5g,Distillate Taster Pack Infused Pre-Roll 3-pack | 1.5g,General Admission,[25.67],False,[],,,Pre-Rolls,
90,doob-tubes-10-5cm,Doob Tubes 10.5cm,Smoke Arsenal Inc.,[1.77],False,[],,,Accessories,
91,dosidos-shatter-1g,Dosidos Shatter | 1g,Dymond Concentrates 2.0,[32.75],False,[],,,Concentrate,
92,drew-s-pheno-pre-roll-3-pack-1-5g,Drew's Pheno Pre-Roll 3-pack | 1.5g,Carmel Cannabis,[19.47],False,[],,,Pre-Rolls,
93,elderberry-citrus-essential-10-1-cbd-lozenges-10-pack,Elderberry Citrus Essential 10:1 CBD Lozenges 10-Pack,Olli,[17.7],False,[],,,Edible,
94,elderflower-pom-1-1-beverage,Elderflower Pom 1:1 Beverage,Sweet Justice,[8.85],False,[],,,Edible,
95,exotic-gas-35455,Exotic Gas,The Loud Plug,[101.77],False,[],,,Flower,
96,feelz-blackberry-kush-cbn-cartridge-1g,Feelz Blackberry Kush CBN Cartridge | 1g,Spinach,[44.24],False,[],,,Vaporizers,
97,feelz-deep-dreamz-gummies-2-1-thc-cbn-2-pack,Feelz Deep Dreamz Gummies 2:1 THC:CBN 2-pack,Spinach,[8.85],False,[],,,Edible,
98,fireware-rechargeable-electric-lighter-v1,Fireware Rechargeable Electric Lighter (V1),Smoke Arsenal Inc.,[10.62],False,[],,,Accessories,
99,fireware-rechargeable-electric-lighter-v2,Fireware Rechargeable Electric Lighter (V2),Smoke Arsenal Inc.,[10.62],False,[],,,Accessories,
100,flapjacks,Flapjacks,Contraband,[72.56],False,[],,,Flower,
101,fresh-cbd-face-wash,Fresh CBD Face Wash,freshDAYLY,[22.12],False,[],,,Topicals,
102,fruit-hoops-4-pack,Fruit Hoops 4-pack,Vacay,[7.96],False,[],,,Edible,
103,funk-master,Funk Master,SHRED,[30.97],False,[],,,Flower,
104,funk-master-cartridge-1g,Funk Master Cartridge | 1g,SHRED,[33.62],False,[],,,Vaporizers,
105,funk-master-kief-2g,Funk Master Kief | 2g,SHRED,[24.78],False,[],,,Concentrate,
106,glto-infused-pre-roll-3-pack-1-5g,GLTO Infused Pre-roll 3-pack | 1.5g,RAD,[26.55],False,[],,,Pre-Rolls,
107,gmo-cookies,GMO Cookies,Spinach,[26.55],False,[],,,Flower,
108,gas-tank,Gas Tank,Highland Grow,[48.67],False,[],,,Flower,
109,gelato-mint-pre-roll-5-pack-2-5g,Gelato Mint Pre-Roll 5-Pack | 2.5g,Tribal,[24.78],False,[],,,Pre-Rolls,
110,gelato-pre-roll-10-pack-4g,Gelato Pre-Roll 10-pack | 4g,HEXO,[21.24],False,[],,,Pre-Rolls,
111,gems-5-0-15-pack,Gems 5:0 | 15-pack,Redecan,[10.62],False,[],,,Edible,
112,ginger-ale-galaxy-beverage,Ginger Ale Galaxy Beverage,Deep Space,[8.85],False,[],,,Edible,
113,gnarberry,Gnarberry,SHRED,[30.97],False,[],,,Flower,
114,go-chill-thc-oil,Go Chill THC Oil,FIGR,[26.55],False,[],,,Concentrate,
115,go-steady-black-cherry-punch-pre-roll-3-pack-1-5g,Go Steady Black Cherry Punch Pre-Roll 3-pack | 1.5g,FIGR,[16.81],False,[],,,Pre-Rolls,
116,go-slumber-5-1-cbn-shot,Go: Slumber 5:1 CBN Shot,Field Trip,[6.19],False,[],,,Edible,
117,guava-biscotti-blunts-3-pack-1-5g,Guava Biscotti Blunts 3-pack | 1.5g,The Loud Plug,[20.35],False,[],,,Pre-Rolls,
118,guava-ghoul-pre-rolls-7-pack-3-5g,Guava Ghoul Pre-Rolls 7-Pack | 3.5g,Good Buds,[23.9],False,[],,,Pre-Rolls,
119,hash-bats-jean-guy-hash-infused-pre-roll-3-pack-1-5g,Hash Bats: Jean Guy Hash Infused Pre-Roll 3-Pack | 1.5g,Good Supply,[22.12],False,[],,,Pre-Rolls,
120,hash-bats-starwalker-kush-hash-infused-pre-roll-3-pack-1-5g,Hash Bats: Starwalker Kush Hash Infused Pre-Roll 3-Pack | 1.5g,Good Supply,[22.12],False,[],,,Pre-Rolls,
121,hash-hits-5-pack,Hash Hits 5-pack,Embark,[26.55],False,[],,,Concentrate,
122,haute-freezable-carb-cap,Haute - Freezable Carb Cap,Smoke Arsenal Inc.,[13.27],False,[],,,Accessories,
123,hawaiian-pineapple,Hawaiian Pineapple,BC Black,[35.4],False,[],,,Flower,
124,hazy-honey-0-5g,Hazy Honey | 0.5g,BOAZ ,[42.48],False,[],,,Concentrate,
125,headband-seeds-4-pack,Headband Seeds | 4-pack,Pure Sunfarms,[37.17],False,[],,,Seeds,
126,hemp-wick-10ft,Hemp Wick | 10ft,RAW,[2.66],False,[],,,Accessories,
127,honeydew-boba-sativa-1-0-cartridge-0-95g,Honeydew Boba Sativa 1:0 Cartridge | 0.95g,General Admission,[35.4],False,[],,,Vaporizers,
128,ice-cream-sandwich-chocolates,Ice Cream Sandwich Chocolates,Vacay,[4.42],False,[],,,Edible,
129,iced-tea-raspberry,Iced Tea Raspberry,Tweed,[5.31],False,[],,,Edible,
130,indica-cropped-harvest-14g,Indica Cropped Harvest | 14g,Divvy,[48.68],False,[],,,Flower,
131,integra-boost-67g,Integra Boost (67g),,[6.19],False,[],,,Accessories,
132,island-cherry-kawehnoke-eri-ko-wa-cartridge-1g,Island Cherry (Kawehnoke Eri'ko:wa) Cartridge | 1g,Sev7n,[35.4],False,[],,,Vaporizers,
133,it-takes-two-to-mango-hash-rosin-soft-chews-2-pack,It Takes Two to Mango Hash Rosin Soft Chews 2-Pack,Fritz's Cannabis Company,[10.62],False,[],,,Edible,
134,japanese-cedar-bud-cbd-face-cream,Japanese Cedar Bud CBD Face Cream,Pura Earth,[44.25],False,[],,,Topicals,
135,japanese-citrus-yuzu-2-1-sour-soft-chews,Japanese Citrus Yuzu 2:1 Sour Soft Chews,Wana,[7.96],False,[],,,Edible,
136,jean-guy,Jean Guy,Good Supply,[141.59],False,[],,,Flower,
137,jean-guy-badder-1g,Jean Guy Badder | 1g,Good Supply,[33.63],False,[],,,Concentrate,
138,jean-guy-pre-roll-1g,Jean Guy Pre-Roll | 1g,Good Supply,[7.96],False,[],,,Pre-Rolls,
139,jeffrey-pre-roll-0-5g,Jeffrey Pre-Roll | 0.5g,Choice Growers,[4.43],False,[],,,Pre-Rolls,
140,jet-fuel-gelato-straight-cut-pre-roll-5-pack-3-5g,Jet Fuel Gelato Straight Cut Pre-Roll 5-pack | 3.5g,Pure Sunfarms,[22.12],False,[],,,Pre-Rolls,
141,jolts-electric-lemon-lozenges-10-pack,Jolts Electric Lemon Lozenges 10-pack,Edison Cannabis Co.,[17.7],False,[],,,Edible,
142,juicy-hemp-wraps-juicy-hemp-wraps-cherry-pie-88839,Juicy Hemp Wraps  - Juicy Hemp Wraps (Cherry Pie),Smoke Arsenal Inc.,[1.77],False,[],,,Accessories,
143,juicy-hemp-wraps-juicy-hemp-wraps-natural,Juicy Hemp Wraps  - Juicy Hemp Wraps (Natural),Smoke Arsenal Inc.,[1.77],False,[],,,Accessories,
144,juicy-hemp-wraps-juicy-hemp-wraps-papaya-punch,Juicy Hemp Wraps  - Juicy Hemp Wraps (Papaya Punch),Smoke Arsenal Inc.,[1.77],False,[],,,Accessories,
145,juicy-hemp-wraps-juicy-hemp-wraps-strawberry-sherbert,Juicy Hemp Wraps  - Juicy Hemp Wraps (Strawberry Sherbert),Smoke Arsenal Inc.,[1.77],False,[],,,Accessories,
146,juicy-hemp-wraps-juicy-hemp-wraps-grape-soda,Juicy Hemp Wraps  - Juicy Hemp Wraps - Grape Soda,Smoke Arsenal Inc.,[1.77],False,[],,,Accessories,
147,juicy-hemp-wraps-purple,Juicy Hemp Wraps Purple,Smoke Arsenal Inc.,[1.77],False,[],,,Accessories,
148,king-of-the-north-cartridge-1g,King Of The North Cartridge | 1g,Hustle & Shake,[35.4],False,[],,,Vaporizers,
149,king-palm-2-mini-rolls-banana,King Palm 2 Mini Rolls - Banana,Smoke Arsenal Inc.,[3.09],False,[],,,Accessories,
150,kush-cookies-96442,Kush Cookies,3 Saints,[26.55],False,[],,,Flower,
151,lemon-iced-tea-beverage,Lemon Iced Tea Beverage,XMG,[8.85],False,[],,,Edible,
152,lemon-lime-soda,Lemon Lime Soda,Bubble Kush,[6.2],False,[],,,Edible,
153,lighter-leash-regular-pack,Lighter Leash Regular Pack,Smoke Arsenal Inc.,[1.77],False,[],,,Accessories,
154,limon-splashdown,Limon Splashdown,Deep Space,[8.85],False,[],,,Edible,
155,live-resin-shatter-1g,Live Resin Shatter | 1g,Essex County Cannabis,[44.25],False,[],,,Concentrate,
156,lizard-glass-pipes,Lizard Glass Pipes,,[17.69],False,[],,,Accessories,
157,london-pound-cake-pre-roll-1g,London Pound Cake Pre-Roll | 1g,Cookies,[15.93],False,[],,,Pre-Rolls,
158,mad-mango-cartridge-1g,Mad Mango Cartridge | 1g,Versus,[26.55],False,[],,,Vaporizers,
159,magic-melon-autoflower-5-pack,Magic Melon Autoflower 5-Pack,Humboldt Seed Company,[53.1],False,[],,,Seeds,
160,mandarin-cookie,Mandarin Cookie,Weed Me,[9.73],False,[],,,Flower,
161,mango-fizz,Mango Fizz,Tweed,[5.31],False,[],,,Edible,
162,mango-sour-soft-chews,Mango Sour Soft Chews,Wana,[7.96],False,[],,,Edible,
163,mango-tangerine-gummies-5-pack,Mango Tangerine Gummies 5-pack,Sunshower,[8.85],False,[],,,Edible,
164,master-kush-milled-ready-to-roll,Master Kush Milled Ready-to-Roll,Common Ground,[26.55],False,[],,,Flower,
165,medtainer-3pc-grinder-and-smell-proof-jar-assorted-colors,Medtainer 3pc Grinder and Smell Proof Jar - Assorted Colors,Smoke Arsenal Inc.,[11.51],False,[],,,Accessories,
166,medtainer-xl-grinders,Medtainer XL Grinders,Smoke Arsenal Inc.,[22.12],False,[],,,Accessories,
167,megamelon-cartridge-1g,Megamelon Cartridge | 1g,SHRED,[33.63],False,[],,,Vaporizers,
168,milk-chocolate-cookies-cream,Milk Chocolate Cookies & Cream,Wabi Sabi,[8.85],False,[],,,Edible,
169,mint-cookie-blzrd-white-chocolate,Mint Cookie BLZRD White Chocolate,Legend,[5.31],False,[],,,Edible,
170,mirage-plus,Mirage Plus,SKOSHA,[37.17],False,[],,,Flower,
171,natural-charcoal-cbd-face-mask-100g,Natural Charcoal CBD Face Mask | 100g,Proofly,[40.71],False,[],,,Topicals,
172,nebula-ii-cbd-pre-roll-12-pack-4-2g,Nebula II CBD Pre-Roll 12-Pack | 4.2g,Divvy,[23.01],False,[],,,Pre-Rolls,
173,northern-widow-shatter-1g,Northern Widow Shatter | 1g,Qwest,[44.25],False,[],,,Concentrate,
174,og-cola,OG Cola,Sweet Justice,[6.19],False,[],,,Edible,
175,og-lemonade,OG Lemonade,Vicious Citrus,[8.84],False,[],,,Edible,
176,off-menu,Off Menu,Lot420,[44.25],False,[],,,Flower,
177,orange-chronic-16-oz,Orange Chronic 16 Oz,Smoke Arsenal Inc.,[13.28],False,[],,,Accessories,
178,orange-daydream-cbd-3-1-cartridge-1g,Orange Daydream CBD 3:1 Cartridge | 1g,Tenzo,[48.67],False,[],,,Vaporizers,
179,orange-hill-shatter-infused-pre-roll-3-pack-1-5g,Orange Hill Shatter Infused Pre-Roll 3-pack | 1.5g,Dab Bods,[30.97],False,[],,,Pre-Rolls,
180,orange-kush-ck-double-infused-pre-roll-1g,Orange Kush CK Double Infused Pre-Roll | 1g,Avana,[15.92],False,[],,,Pre-Rolls,
181,orange-kush-classic-soda-10mg,Orange Kush Classic Soda | 10mg,Keef,[6.2],False,[],,,Edible,
182,orange-kush-shatter-infused-pre-roll-1g,Orange Kush Shatter Infused Pre-Roll | 1g,Zest Cannabis,[22.12],False,[],,,Pre-Rolls,
183,orange-layer-cake-pre-roll-4-pack-2g,Orange Layer Cake Pre-Roll 4-pack | 2g,Potluck,[17.7],False,[],,,Pre-Rolls,
184,orange-monkey,Orange Monkey,liiv,[22.12],False,[],,,Flower,
185,orange-monkey-pre-roll-1g,Orange Monkey Pre-Roll | 1g,liiv,[8.85],False,[],,,Pre-Rolls,
186,orange-orbit,Orange Orbit,Deep Space,[8.85],False,[],,,Edible,
187,orange-passionfruit-sparkling-soda,Orange Passionfruit Sparkling Soda,Green Monké,[6.2],False,[],,,Edible,
188,organic-bubba-kush,Organic Bubba Kush,Whistler Cannabis Co.,[44.25],False,[],,,Flower,
189,organic-comatose-pre-roll-5-pack-3-5g,Organic Comatose Pre-Roll 5-pack | 3.5g,1964 Supply Co.,[37.17],False,[],,,Pre-Rolls,
190,organic-hemp-1-25-papers,"Organic Hemp 1.25"" Papers",RAW,[2.65],False,[],,,Accessories,
191,organic-hemp-kingsize-slim-papers,Organic Hemp Kingsize Slim Papers,RAW,[2.65],False,[],,,Accessories,
192,organic-la-kush-pre-roll-7-pack-3-5g,Organic LA Kush Pre-Roll 7-Pack | 3.5g,1964 Supply Co.,[35.4],False,[],,,Pre-Rolls,
193,organic-lebanese-hash-2g,Organic Lebanese Hash | 2g,1964 Supply Co.,[37.17],False,[],,,Concentrate,
194,organic-sweet-fuel-og-pre-roll-10-pack-3g,Organic Sweet Fuel OG Pre-Roll 10-pack | 3g,Treehugger,[35.4],False,[],,,Pre-Rolls,
195,pacific-island-punch-beverage,Pacific Island Punch Beverage,Sweet Justice,[8.84],False,[],,,Edible,
196,pacific-og-pre-roll-3-pack-1-5g,Pacific OG Pre-Roll 3-pack | 1.5g,Tantalus Labs,[13.27],False,[],,,Pre-Rolls,
197,peach-og-cartridge-1-2g,Peach OG Cartridge | 1.2g,BoxHot,[48.67],False,[],,,Vaporizers,
198,peach-ringz-cartridge-0-95g,Peach Ringz Cartridge | 0.95g,General Admission,[35.4],False,[],,,Vaporizers,
199,peak,Peak,Puffco,[341.6],False,[],,,Accessories,
200,penelope-10mg-softgels-15-pack,Penelope 10mg Softgels | 15-pack,Tweed,[26.55],False,[],,,Edible,
201,pineapple-habanero-hot-sauce,Pineapple Habanero Hot Sauce,Bogart's Kitchen,[11.5],False,[],,,Edible,
202,pineapple-nuken-pre-roll-12-pack-4-2g,Pineapple Nuken Pre-Roll 12-pack | 4.2g,Divvy,[23.01],False,[],,,Pre-Rolls,
203,pineapple-punch-live-resin-cartridge-1g,Pineapple Punch Live Resin Cartridge | 1g,Dab Bods,[48.67],False,[],,,Vaporizers,
204,pink-bubble-cartridge-1g,Pink Bubble! Cartridge | 1g,B!NGO,[33.63],False,[],,,Vaporizers,
205,pink-diamonds,Pink Diamonds,CALI,[33.63],False,[],,,Flower,
206,pink-kush,Pink Kush,Pure Sunfarms,"[21.24, 39.82, 70.8, 123.89]",False,[],,,Flower,
207,pink-kush-pre-roll-10-pack-3g,Pink Kush Pre-Roll 10-pack | 3g,Pure Sunfarms,[22.12],False,[],,,Pre-Rolls,
208,pink-kush-pre-roll-3-pack-1-5g,Pink Kush Pre-Roll 3-pack | 1.5g,Pure Sunfarms,[10.62],False,[],,,Pre-Rolls,
209,pink-lemonade-cartridge-1g,Pink Lemonade Cartridge | 1g,Divvy,[39.83],False,[],,,Vaporizers,
210,pink-star-fruit-thca-live-diamonds-1g,Pink Star Fruit THCA Live Diamonds | 1g,RAD,[39.83],False,[],,,Concentrate,
211,pink-wedding-kush-cartridge-1g,Pink Wedding Kush Cartridge | 1g,Original Stash,[35.4],False,[],,,Vaporizers,
212,platinum-grape,Platinum Grape,Organnicraft,[39.83],False,[],,,Flower,
213,pomegranate-4-1-cbd-thc-gummies,Pomegranate 4:1 CBD/THC Gummies,Pearls,[6.19],False,[],,,Edible,
214,pop-cone-pre-rolled-cones-3-ks-cones-pack-strawberry-jam,Pop Cone Pre Rolled Cones  - 3 KS Cones/pack - Strawberry Jam,Smoke Arsenal Inc.,[4.43],False,[],,,Accessories,
215,pre-rolled-tips-21-pack,Pre-Rolled Tips | 21-Pack,RAW,[1.76],False,[],,,Accessories,
216,puff-puff-pass-90mm-4-piece-grinder,Puff Puff Pass 90mm 4-Piece Grinder,Smoke Arsenal Inc.,[35.4],False,[],,,Accessories,
217,pumpkin-spice-latte-chocolate,Pumpkin Spice Latte Chocolate,Wabi Sabi,[8.85],False,[],,,Edible,
218,pure-hemp-classic-king-size-rolling-papers,Pure Hemp Classic King Size Rolling Papers,Smoke Arsenal Inc.,[2.65],False,[],,,Accessories,
219,purple-aya-pre-roll-7-pack-3-5g,Purple Aya Pre-Roll 7-Pack | 3.5g,1Spliff,[23.01],False,[],,,Pre-Rolls,
220,purple-jane-htfse-cartridge-1g,Purple Jane HTFSE Cartridge | 1g,Purple Hills,[44.25],False,[],,,Vaporizers,
221,quick-cbg-rise-shine-clementine-1-1,Quick CBG Rise & Shine Clementine 1:1,Wana,[7.96],False,[],,,Edible,
222,quick-island-punch-indica-gummies,Quick Island Punch Indica Gummies,Wana,[7.96],False,[],,,Edible,
223,quick-midnight-berry-indica-gummies,Quick Midnight Berry Indica Gummies,Wana,[8.85],False,[],,,Edible,
224,quick-orchard-peach-sativa-gummies,Quick Orchard Peach Sativa Gummies,Wana,[7.96],False,[],,,Edible,
225,quick-pineapple-coconut-indica-gummies,Quick Pineapple Coconut Indica Gummies,Wana,[7.96],False,[],,,Edible,
226,quick-strawberry-lime-1-1-gummies,Quick Strawberry Lime 1:1 Gummies,Wana,[7.96],False,[],,,Edible,
227,raw-wood-pokers-small,RAW Wood Pokers Small,Smoke Arsenal Inc.,[0.88],False,[],,,Accessories,
228,re-mix-fast-acting-dissolvable-thc-powder-2-pack,RE : MIX Fast Acting Dissolvable THC Powder | 2-Pack,Edison Cannabis Co.,[7.08],False,[],,,Edible,
229,riff-510-vape-battery-batteries,RIFF - 510 Vape Battery - Batteries,,[8.85],False,[],,,Accessories,
230,rntz,RNTZ,Strains Limited,[44.24],False,[],,,Flower,
231,rso-1g,RSO | 1g,Ellevia,[29.2],False,[],,,Concentrate,
232,rainbow-sherb-cartridge-0-95g,Rainbow Sherb Cartridge | 0.95g,General Admission,[37.17],False,[],,,Vaporizers,
233,raspberry-hippie-crippler-honey-oil-cartridge-1g,Raspberry Hippie Crippler Honey Oil Cartridge | 1g,Pura Vida,[35.4],False,[],,,Vaporizers,
234,raw-hemp-plastic-70mm-rolling-machine,Raw Hemp Plastic 70mm Rolling Machine,Smoke Arsenal Inc.,[4.42],False,[],,,Accessories,
235,raw-hemp-plastic-79mm-rolling-machine,Raw Hemp Plastic 79mm Rolling Machine,Smoke Arsenal Inc.,[4.42],False,[],,,Accessories,
236,real-fruit-raspberry-soft-chew-2-pack,Real Fruit Raspberry Soft Chew | 2-Pack,Wyld,[7.97],False,[],,,Edible,
237,relief-stick-30g,Relief Stick | 30g,Wildflower,[35.4],False,[],,,Topicals,
238,rockstar-kush-pre-roll-1g,Rockstar Kush Pre-Roll | 1g,Spinach,[10.62],False,[],,,Pre-Rolls,
239,root-beer-float-pre-roll-3-pack-1-5g,Root Beer Float Pre-Roll 3-pack | 1.5g,Bold Growth,[22.12],False,[],,,Pre-Rolls,
240,rootbeer-redebles-4-pack-10mg,Rootbeer Redebles 4-pack | 10mg,Redecan,[6.2],False,[],,,Edible,
241,roul-infus-water-hash-infused-pre-roll-1g,Roulé Infusé Water Hash Infused Pre-Roll | 1g,Beurre Blanc,[19.47],False,[],,,Pre-Rolls,
242,s-mores-chocolate-10mg,S'Mores Chocolate | 10mg,Back Forty,[4.42],False,[],,,Edible,
243,sourz-blue-raspberry-watermelon,SOURZ Blue Raspberry Watermelon,Spinach,[7.96],False,[],,,Edible,
244,sourz-cherry-lime-gummies,SOURZ Cherry Lime Gummies,Spinach,[7.96],False,[],,,Edible,
245,sourz-peach-orange-1-1,SOURZ Peach Orange 1:1,Spinach,[7.96],False,[],,,Edible,
246,sourz-strawberry-mango-gummies,SOURZ Strawberry Mango Gummies,Spinach,[7.96],False,[],,,Edible,
247,sage-n-sour-pre-roll-3-pack-1-5g,Sage N' Sour Pre-Roll 3-pack | 1.5g,MTL Cannabis,[15.93],False,[],,,Pre-Rolls,
248,salted-caramel-pretzel-bites,Salted Caramel Pretzel Bites,Bogart's Kitchen,[7.96],False,[],,,Edible,
249,sativa-cropped-harvest-14g,Sativa Cropped Harvest | 14g,Divvy,[48.68],False,[],,,Flower,
250,sativa-maui-wowie-cartridge-1g,Sativa Maui Wowie Cartridge | 1g,Ambr,[39.82],False,[],,,Vaporizers,
251,sativa-pre-rolls-2g,Sativa Pre-Rolls | 2g,Hiway,[8.85],False,[],,,Pre-Rolls,
252,sativa-shatter-1g,Sativa Shatter | 1g,Blendcraft,[54.87],False,[],,,Concentrate,
253,selects-pre-roll-1g,Selects Pre-Roll | 1g,Simply Bare,[15.93],False,[],,,Pre-Rolls,
254,se-orita,Señorita,SEÑORITA,[10.62],False,[],,,Edible,
255,slurricane-mint,Slurricane Mint,Space Flower,[35.4],False,[],,,Flower,
256,smoker-farms-master-kush-ultra,Smoker Farms Master Kush Ultra,BC Black,[35.4],False,[],,,Flower,
257,soothe-nourishing-hand-treatment,Soothe Nourishing Hand Treatment,Nuveev,[26.55],False,[],,,Topicals,
258,sour-apple-thc-gummies,Sour Apple THC Gummies,Pearls,[6.19],False,[],,,Edible,
259,sour-blue-razzberry-gummies-4-pack,Sour Blue Razzberry Gummies 4-pack,SHRED,[5.31],False,[],,,Edible,
260,sour-blueberry-hash-2g,Sour Blueberry Hash | 2g,RAD,[31.86],False,[],,,Concentrate,
261,sour-cherry-sour-peach-soft-chews,Sour Cherry & Sour Peach Soft Chews,San Rafael '71,[8.85],False,[],,,Edible,
262,sour-kush-pre-roll-7-pack-3-5g,Sour Kush Pre-Roll 7-pack | 3.5g,Good Supply,[39.82],False,[],,,Pre-Rolls,
263,sour-megamelon-gummies-2-pack,Sour Megamelon Gummies 2-pack,SHRED,[5.31],False,[],,,Edible,
264,sour-passionfruit-sativa-gummies,Sour Passionfruit Sativa Gummies,Wana,[7.96],False,[],,,Edible,
265,space-guava-cartridge-1g,Space Guava Cartridge | 1g,BZAM,[42.48],False,[],,,Vaporizers,
266,sparkling-blood-orange-low-dose-1-1-sparkling-beverage,Sparkling Blood Orange Low Dose 1:1 Sparkling Beverage,Little Victory,[5.31],False,[],,,Edible,
267,sparkling-dark-cherry-low-dose-1-1-sparkling-beverage,Sparkling Dark Cherry Low Dose 1:1 Sparkling Beverage,Little Victory,[5.31],False,[],,,Edible,
268,spicy-ginger-cookie,Spicy Ginger Cookie,Slow Ride Bakery,[6.19],False,[],,,Edible,
269,spinach-green-510-thread-battery,Spinach - Green 510 Thread Battery,Spinach,[10.62],False,[],,,Accessories,
270,standard-2-scent-bomb-spray-bottle,Standard 2 Scent Bomb Spray Bottle,Smoke Arsenal Inc.,[5.31],False,[],,,Accessories,
271,starwalker-kush-pre-roll-1g,Starwalker Kush Pre-Roll | 1g,Good Supply,[7.96],False,[],,,Pre-Rolls,
272,strawberry-10-1-sour-soft-chews,Strawberry 10:1 Sour Soft Chews,Wana,[7.96],False,[],,,Edible,
273,strawberry-alien-og-shatter-1g,Strawberry Alien OG Shatter | 1g,RAD,[39.82],False,[],,,Concentrate,
274,strawberry-cannacolada-cartridge-1g,Strawberry Cannacolada Cartridge | 1g,Fuego,[35.4],False,[],,,Vaporizers,
275,strawberry-diesel-99-ken-niionhont-sa-kaienkw-ra-water-ha-infused-pre-roll-1g,Strawberry Diesel 99 Ken’niionhontésa Kaienkwá:ra Water Ha Infused Pre-Roll | 1g,SOVE7EIGN,[18.58],False,[],,,Pre-Rolls,
276,strawberry-fruit-chews,Strawberry Fruit Chews,Olli,[7.96],False,[],,,Edible,
277,strawberry-ice-sativa-1-0-cartridge-1g,Strawberry Ice Sativa 1.0 Cartridge | 1g,Kolab Project,[48.67],False,[],,,Vaporizers,
278,strawnana-indica-1-0-cartridge-0-95g,Strawnana Indica 1:0 Cartridge | 0.95g,General Admission,[35.4],False,[],,,Vaporizers,
279,sugar-free-1-1-tropical-fruit-gems-4-pack,Sugar Free 1:1 Tropical Fruit Gems | 4-Pack,Olli,[7.96],False,[],,,Edible,
280,summer-punch-sparkling-beverage,Summer Punch Sparkling Beverage,Phresh Cannabis Cultivation,[6.19],False,[],,,Edible,
281,super-lemon-haze,Super Lemon Haze,Versus,[101.77],False,[],,,Flower,
282,tf-pink-kush,TF Pink Kush,CANWE,[8.85],False,[],,,Flower,
283,thc-coffee-pods-2-pack,THC Coffee Pods 2-pack,Steeprock Functional Coffee,[10.62],False,[],,,Edible,
284,thc-solid-milk-chocolate,THC Solid Milk Chocolate,Chowie Wowie,[5.31],False,[],,,Edible,
285,thca-diamond-dust-1g,THCA Diamond Dust | 1g,Bold Growth,[53.1],False,[],,,Concentrate,
286,toke-face-mask,TOKE Face Mask,,[10.62],False,[],,,Apparel,
287,toke-t-shirt-black-large,TOKE T-shirt Black LARGE,,[22.12],False,[],,,Apparel,
288,toke-t-shirt-black-medium,TOKE T-shirt Black MEDIUM,,[22.12],False,[],,,Apparel,
289,toke-t-shirt-blue-xlarge,TOKE T-shirt Blue XLARGE,,[22.12],False,[],,,Apparel,
290,toke-t-shirt-green-large,TOKE T-shirt Green LARGE,,[22.12],False,[],,,Apparel,
291,toke-t-shirt-green-medium,TOKE T-shirt Green MEDIUM,,[22.12],False,[],,,Apparel,
292,toke-t-shirt-green-small,TOKE T-shirt Green SMALL,,[22.15],False,[],,,Apparel,
293,toke-t-shirt-red-large,TOKE T-shirt Red LARGE,,[22.12],False,[],,,Apparel,
294,toke-t-shirt-red-medium,TOKE T-shirt Red MEDIUM,,[22.12],False,[],,,Apparel,
295,toke-t-shirt-red-xlarge,TOKE T-shirt Red XLARGE,,[22.12],False,[],,,Apparel,
296,toke-t-shirt-white-xlarge,TOKE T-shirt White XLARGE,,[22.12],False,[],,,Apparel,
297,terple,Terple,Tribal,[30.97],False,[],,,Flower,
298,the-craft-tasting-flight-micro-edition,The Craft Tasting Flight: Micro Edition,Cognōscente,[86.72],False,[],,,Flower,
299,the-dreamer-bath-bomb,The Dreamer Bath Bomb,Eve & Co.,[20.35],False,[],,,Topicals,
300,the-grape-unknown,The Grape Unknown,Deep Space,[8.85],False,[],,,Edible,
301,the-live-duo-blue-bandita-purple-romulan-1g,The Live Duo Blue Bandita & Purple Romulan | 1g,Earthwolf Farms,[42.48],False,[],,,Concentrate,
302,the-pothead-series-pothead-posters,The Pothead Series - Pothead Posters,,[5],False,[],,,Accessories,
303,the-snack-pack-sour-og-cheese,The Snack Pack Sour OG Cheese,Calyptra Light ,[10.62],False,[],,,Flower,
304,tremblant-hashish-2g,Tremblant Hashish | 2g,Tremblant Cannabis ,[35.4],False,[],,,Concentrate,
305,tropic-thunder,Tropic Thunder,SHRED,[30.97],False,[],,,Flower,
306,tropical-diesel-cbg-cartridge-1g,Tropical Diesel CBG Cartridge | 1g,Spinach,[39.83],False,[],,,Vaporizers,
307,tropicana-banana,Tropicana Banana,Argentia Gold,[19.47],False,[],,,Flower,
308,turmeric-arnica-recovery-balm,Turmeric & Arnica Recovery Balm,Rebound by Stewart Farms,[21.24],False,[],,,Topicals,
309,twisted-tangie-cartridge-1g,Twisted Tangie Cartridge | 1g,Feather,[35.4],False,[],,,Vaporizers,
310,twisted-terpene-infused-tips-berry-blue,Twisted Terpene Infused Tips (Berry Blue),Smoke Arsenal Inc.,[2.65],False,[],,,Accessories,
311,twisted-terpene-infused-tips-electric-lemonade,Twisted Terpene Infused Tips (Electric Lemonade),Smoke Arsenal Inc.,[2.65],False,[],,,Accessories,
312,twisted-terpene-infused-tips-peach-ice,Twisted Terpene Infused Tips - Peach Ice,Smoke Arsenal Inc.,[2.65],False,[],,,Accessories,
313,ultra-sour-pre-roll-10-pack-4g,Ultra Sour Pre-Roll 10-pack | 4g,HEXO,[21.24],False,[],,,Pre-Rolls,
314,unrefined-black-tips,Unrefined Black Tips,RAW,[0.88],False,[],,,Accessories,
315,unrefined-original-tips,Unrefined Original Tips,RAW,[0.89],False,[],,,Accessories,
316,upside-down-cake-pre-roll-1g,Upside Down Cake Pre-Roll | 1g,BLKMKT,[15.04],False,[],,,Pre-Rolls,
317,wappa-redees-pre-roll-10-pack-4g,Wappa Redees Pre-Roll 10-pack | 4g,Redecan,[22.12],False,[],,,Pre-Rolls,
318,wappa-redees-infused-pre-roll-10-pack-4g,Wappa Redees+ Infused Pre-Roll 10-pack | 4g,Redecan,[35.4],False,[],,,Pre-Rolls,
319,watermelon-fizz,Watermelon Fizz,Tweed,[5.31],False,[],,,Edible,
320,watermelon-sour-soft-chews,Watermelon Sour Soft Chews,Wana,[7.96],False,[],,,Edible,
321,white-chocolate-creamy-caramel,White Chocolate Creamy Caramel,Wabi Sabi,[8.85],False,[],,,Edible,
322,white-chocolate-macadamia-nut-cookie,White Chocolate Macadamia Nut Cookie,Slow Ride Bakery,[6.19],False,[],,,Edible,
323,white-rhino-glass-chillum,White Rhino Glass Chillum,Smoke Arsenal Inc.,[3.54],False,[],,,Accessories,
324,wild-berry-blaze-1-4-gummies-4-pack,Wild Berry Blaze 1:4 Gummies 4-pack,SHRED,[5.31],False,[],,,Edible,
325,wild-cherry-soft-chews-2-pack,Wild Cherry Soft Chews 2-pack,Kiva,[7.97],False,[],,,Edible,
326,wood-filter-tips-10-pack,Wood Filter Tips (10 Pack),,[8.84],False,[],,,Accessories,
327,xmg-alt-black-cherry,XMG ALT Black Cherry,XMG,[8.85],False,[],,,Edible,
328,xmg-blue-raspberry-beverage,XMG Blue Raspberry Beverage,XMG,[8.85],False,[],,,Edible,
329,xmg-citrus-beverage,XMG Citrus Beverage,XMG,[8.85],False,[],,,Edible,
330,xmg-mango-pineapple-beverage,XMG Mango Pineapple Beverage,XMG,[8.85],False,[],,,Edible,
331,xmg-tropical-fruit-beverage,XMG Tropical Fruit Beverage,XMG,[8.85],False,[],,,Edible,
332,xmg-watermelon-beverage,XMG Watermelon Beverage,XMG,[8.85],False,[],,,Edible,
333,zsweet,Zsweet,5 POINTS,[23.01],False,[],,,Flower,
334,dosi-gmosi-6,dosi-GMOsi #6,OGEN,[35.4],False,[],,,Flower,
